,score,score,score,study_hours
,mean,max,min,mean
class,,,,
A,17.25,20,12,5.5
B,14.333333333333334,17,11,3.8333333333333335
C,7.5,10,5,1.3333333333333333
